sample_id,slice_idx,dst,direction_idx,top_patchgrid_energy_frac,random_patchgrid_energy_frac,top_minus_random,top_over_random
0,322,D20,0,0.27359692966610094,0.3993863306882761,-0.12578940102217517,0.6850432992901936
0,322,D20,1,0.2652267184267946,0.42076124395739656,-0.15553452553060193,0.6303496869917271
0,322,D20,2,0.2869784940333127,0.4061419276722885,-0.1191634336389758,0.7065965724791471
0,322,D20,3,0.2705055375216623,0.3990842671315124,-0.12857872960985012,0.6778155888378359
0,322,D20,4,0.3346364190120448,0.3867600560894244,-0.0521236370773796,0.8652300405465659
0,322,D20,5,0.3725668988493581,0.4093381019347533,-0.036771203085395165,0.9101691171391215
0,322,D20,6,0.3960067441929246,0.37473552532950943,0.021271218863415153,1.056763283504309
0,322,D20,7,0.40702495696130353,0.41800089185282574,-0.01097593489152221,0.9737418385810843
1,1064,D20,0,0.28229805302828365,0.39356666280452557,-0.11126860977624192,0.7172814155971686
1,1064,D20,1,0.2694502387618317,0.4216914942099894,-0.1522412554481577,0.6389748013927304
1,1064,D20,2,0.2688012308621438,0.4162221442700488,-0.14742091340790497,0.6458119409613705
1,1064,D20,3,0.389009283461615,0.3883199608826216,0.000689322578993401,1.0017751407304085
1,1064,D20,4,0.3121907889301837,0.40490901060031836,-0.09271822167013466,0.7710146743025783
1,1064,D20,5,0.3749650407912754,0.4351675330208494,-0.06020249222957397,0.8616567467438119
1,1064,D20,6,0.3894375697694262,0.4030120792643389,-0.013574509494912734,0.9663173631924588
1,1064,D20,7,0.42133670256822775,0.3816721896552655,0.039664512912962246,1.1039229841419362
2,2029,D20,0,0.2544982725552381,0.3781483685857883,-0.12365009603055022,0.6730116898481384
2,2029,D20,1,0.3773529497250394,0.38963619000176125,-0.01228324027672184,0.9684751042333457
2,2029,D20,2,0.3405622396744914,0.42524929436474646,-0.08468705469025506,0.8008531564602269
2,2029,D20,3,0.33052782934182673,0.36768801544905566,-0.03716018610722893,0.8989355525720756
2,2029,D20,4,0.37451031434970783,0.38478997770517903,-0.010279663355471202,0.9732850023361385
2,2029,D20,5,0.39689421485930015,0.37572204889954147,0.021172165959758682,1.0563506081737024
2,2029,D20,6,0.3360983767887115,0.3827115066152808,-0.04661312982656929,0.8782029570032579
2,2029,D20,7,0.37878490239157514,0.41847026325899905,-0.03968536086742391,0.9051656369598193
3,2833,D20,0,0.2777827747903582,0.41047432952839785,-0.13269155473803967,0.6767360460994195
3,2833,D20,1,0.3105129437431922,0.39332237093032874,-0.08280942718713652,0.7894616901874494
3,2833,D20,2,0.2611930153651656,0.4100095357276418,-0.14881652036247622,0.6370413188113484
3,2833,D20,3,0.22902305943789483,0.39151314784742214,-0.1624900884095273,0.5849690123999314
3,2833,D20,4,0.325151198288682,0.3924642831312926,-0.06731308484261062,0.8284860871783023
3,2833,D20,5,0.40386758805171646,0.4022099080189563,0.0016576800327601782,1.0041214301281758
3,2833,D20,6,0.34848434665022787,0.4301460386994763,-0.08166169204924845,0.8101535648307997
3,2833,D20,7,0.44679166497212974,0.39156124134370823,0.05523042362842151,1.1410518146251887
4,4561,D20,0,0.2754454200834574,0.39300274530131124,-0.11755732521785384,0.700874035554831
4,4561,D20,1,0.3041223504915005,0.41438858741477447,-0.11026623692327397,0.7339061927086687
4,4561,D20,2,0.25500558009907925,0.40733115922749924,-0.15232557912841999,0.6260399537877132
4,4561,D20,3,0.2790061766552871,0.40909262207715286,-0.13008644542186576,0.6820122427010378
4,4561,D20,4,0.33336525731693456,0.43307796278562233,-0.09971270546868777,0.7697580712088865
4,4561,D20,5,0.33640567569277047,0.415766211517284,-0.07936053582451352,0.8091222094866783
4,4561,D20,6,0.3047983862545242,0.41609634218182096,-0.11129795592729674,0.7325187831652146
4,4561,D20,7,0.404157345992695,0.41326616688419615,-0.009108820891501168,0.9779589484419284
5,5002,D20,0,0.25495411765055537,0.35882069480783385,-0.10386657715727848,0.7105334818748285
5,5002,D20,1,0.27614264144240164,0.3529123121388585,-0.07676967069645685,0.782468142776921
5,5002,D20,2,0.2506369253473085,0.38567022833235887,-0.13503330298505034,0.6498736665027648
5,5002,D20,3,0.37423497223618996,0.3712962615585322,0.0029387106776577743,1.0079147327401639
5,5002,D20,4,0.3693674199362917,0.3568624465746063,0.012504973361685379,1.0350414381835806
5,5002,D20,5,0.47070189507843907,0.3884571840437524,0.08224471103468667,1.2117214313776814
5,5002,D20,6,0.40206866189450724,0.3879908064219977,0.01407785547250956,1.036283992402639
5,5002,D20,7,0.3731714310614808,0.3816468990749941,-0.008475468013513288,0.977792383394034
6,7162,D20,0,0.3219529341934982,0.4096806193166386,-0.08772768512314039,0.7858632286060463
6,7162,D20,1,0.38891561780728207,0.4442610641508873,-0.05534544634360522,0.8754213438681904
6,7162,D20,2,0.29119347447587085,0.4101992944703645,-0.11900581999449367,0.7098829237428359
6,7162,D20,3,0.42683243255049785,0.42343699316187483,0.0033954393886230227,1.008018759445812
6,7162,D20,4,0.38708283399765087,0.45559083077711754,-0.06850799677946667,0.8496282362342321
6,7162,D20,5,0.43619897292150245,0.43998349432060363,-0.0037845213991011817,0.9913984923344795
6,7162,D20,6,0.42373345801371143,0.43127145571157854,-0.007537997697867116,0.9825214546475612
6,7162,D20,7,0.3618876887523808,0.40626550658607,-0.044377817833689215,0.8907664640136327
7,7368,D20,0,0.2884768024148233,0.4078530835837257,-0.11937628116890237,0.7073056794864312
7,7368,D20,1,0.2865105348754209,0.3974592005364437,-0.1109486656610228,0.7208552085062383
7,7368,D20,2,0.29412754363178417,0.41325796800314607,-0.1191304243713619,0.7117286692692275
7,7368,D20,3,0.30478153001221703,0.411998163320862,-0.10721663330864495,0.7397642930142259
7,7368,D20,4,0.3518744641008269,0.42310018012166045,-0.07122571602083355,0.8316575615724083
7,7368,D20,5,0.34973607999434003,0.41322053335549275,-0.06348445336115272,0.8463666535502553
7,7368,D20,6,0.30282076050779283,0.3883371234162743,-0.08551636290848147,0.7797883391724746
7,7368,D20,7,0.4228655246333762,0.42125046766056345,0.0016150569728127229,1.003833958883849
8,1003,NORMAL,0,0.2870145233982367,0.37427094639920405,-0.08725642300096736,0.7668629535889807
8,1003,NORMAL,1,0.33499076409716566,0.4141339886300951,-0.07914322453292943,0.8088946410925468
8,1003,NORMAL,2,0.2780981091894412,0.39570186696510135,-0.11760375777566012,0.7027970611368581
8,1003,NORMAL,3,0.2941371674860792,0.41297090029488653,-0.11883373280880732,0.7122467158728308
8,1003,NORMAL,4,0.2345106545077114,0.36863747200483615,-0.13412681749712474,0.6361552265219388
8,1003,NORMAL,5,0.37651661948277493,0.38197515901114776,-0.00545853952837283,0.9857097002263083
8,1003,NORMAL,6,0.4182912564507768,0.39063110219488667,0.027660154255890135,1.0708088887456033
8,1003,NORMAL,7,0.4438019142145755,0.39328095646380357,0.05052095775077192,1.1284602188853294
9,1730,NORMAL,0,0.27606239464429844,0.37162796957184063,-0.0955655749275422,0.7428461182896297
9,1730,NORMAL,1,0.2880558088089458,0.3820333658857324,-0.09397755707678657,0.7540069390041299
9,1730,NORMAL,2,0.40549028950882765,0.40816145387824015,-0.0026711643694125042,0.9934556182509842
9,1730,NORMAL,3,0.40810134627276895,0.409801653244917,-0.001700306972148069,0.9958509026045049
9,1730,NORMAL,4,0.45202538082117893,0.4063605741660016,0.04566480665517736,1.1123750913801074
9,1730,NORMAL,5,0.4388386520119989,0.42468654668651334,0.014152105325485553,1.0333236487849757
9,1730,NORMAL,6,0.5235907835306766,0.3977410301595216,0.12584975337115495,1.3164112923443692
9,1730,NORMAL,7,0.40248616777121426,0.37365827204303365,0.02882789572818062,1.0771504283059483
10,2103,NORMAL,0,0.26638188088350717,0.39248938999308824,-0.12610750910958107,0.6786982977761467
10,2103,NORMAL,1,0.27276472189638123,0.407486559747239,-0.13472183785085778,0.6693833584734065
10,2103,NORMAL,2,0.2834079454014984,0.4070980364684898,-0.12369009106699141,0.696166328533581
10,2103,NORMAL,3,0.25660513494318676,0.4081478377239492,-0.15154270278076243,0.6287063441868377
10,2103,NORMAL,4,0.25190628569238044,0.4192833157149905,-0.16737703002261006,0.6008020740410638
10,2103,NORMAL,5,0.2667274709343467,0.3867811197352393,-0.12005364880089264,0.689608301245231
10,2103,NORMAL,6,0.31782694802012934,0.4054126419743765,-0.08758569395424715,0.7839591446194151
10,2103,NORMAL,7,0.3587802297042532,0.4194455055216389,-0.06066527581738568,0.8553679202213885
11,3587,NORMAL,0,0.3566109253036388,0.3497136362431536,0.006897289060485201,1.019722676915262
11,3587,NORMAL,1,0.3702041156941041,0.3881482393365297,-0.01794412364242559,0.9537699213241367
11,3587,NORMAL,2,0.3571975424555349,0.37739434365049246,-0.020196801194957537,0.9464835614662472
11,3587,NORMAL,3,0.24414998802162788,0.3874195052537234,-0.1432695172320955,0.6301953946839424
11,3587,NORMAL,4,0.2432043445598078,0.3425432860724215,-0.09933894151261372,0.7099959463470226
11,3587,NORMAL,5,0.41285974065696035,0.3740226940237811,0.03883704663317927,1.1038360699864644
11,3587,NORMAL,6,0.19501596745184452,0.38467039606345665,-0.18965442861161214,0.5069690037173382
11,3587,NORMAL,7,0.29292983570145703,0.3774741742515826,-0.08454433855012555,0.7760261646568233
12,5049,NORMAL,0,0.302878829584389,0.41764927129179963,-0.11477044170741063,0.7251989896871536
12,5049,NORMAL,1,0.2840309897906701,0.41493432194358215,-0.13090333215291206,0.6845203560415262
12,5049,NORMAL,2,0.28414262088773296,0.38974392272142816,-0.1056013018336952,0.7290495228345757
12,5049,NORMAL,3,0.26759302314157063,0.3932119135559543,-0.12561889041438368,0.6805313214486112
12,5049,NORMAL,4,0.2889242504696028,0.4088051221777728,-0.11988087170817002,0.7067530096747695
12,5049,NORMAL,5,0.3048461538647779,0.4104251783637659,-0.10557902449898798,0.7427569504388161
12,5049,NORMAL,6,0.3411236282842729,0.4123679827340417,-0.07124435444976879,0.8272311201819998
12,5049,NORMAL,7,0.39113760221687144,0.40757583745539583,-0.01643823523852439,0.9596682783229922
13,5318,NORMAL,0,0.2825974493705095,0.40576385238587787,-0.12316640301536835,0.6964579217908298
13,5318,NORMAL,1,0.3007287203937826,0.41059947220297877,-0.10987075180919614,0.7324138016551521
13,5318,NORMAL,2,0.28640706147049816,0.40497681090286475,-0.11856974943236659,0.7072184227832097
13,5318,NORMAL,3,0.27658262144952966,0.41122685627859445,-0.1346442348290648,0.6725791791724635
13,5318,NORMAL,4,0.298076883508713,0.4000875059739407,-0.10201062246522774,0.745029222502459
13,5318,NORMAL,5,0.2901893646013583,0.4015742462644922,-0.11138488166313387,0.722629419841402
13,5318,NORMAL,6,0.33260529876859296,0.418465048061792,-0.08585974929319906,0.79482217286515
13,5318,NORMAL,7,0.34864464013173563,0.39922297286528585,-0.050578332733550224,0.8733080604792315
14,6155,NORMAL,0,0.5019717105035861,0.34927615122317157,0.15269555928041456,1.4371771698287212
14,6155,NORMAL,1,0.46124129842469214,0.35936384009575967,0.10187745832893247,1.2834939049565621
14,6155,NORMAL,2,0.4852296225321717,0.3494323764893916,0.1357972460427801,1.3886223921408805
14,6155,NORMAL,3,0.4497650495269435,0.3608460236886633,0.08891902583828021,1.2464181950221496
14,6155,NORMAL,4,0.45174318840013045,0.3451926655104864,0.10655052288964406,1.3086697184949523
14,6155,NORMAL,5,0.4474102763128628,0.3517162261145919,0.09569405019827087,1.272077439404496
14,6155,NORMAL,6,0.420986110388597,0.35535099030072176,0.06563512008787525,1.1847050434060433
14,6155,NORMAL,7,0.4480896034927399,0.35199671833244184,0.09609288516029807,1.272993696121745
15,6535,NORMAL,0,0.26141167799550596,0.362649793484426,-0.10123811548892003,0.7208377963869771
15,6535,NORMAL,1,0.2591128095357056,0.394936285473439,-0.13582347593773342,0.6560876249319257
15,6535,NORMAL,2,0.22489433746406448,0.37555694726929745,-0.15066260980523297,0.598828856979715
15,6535,NORMAL,3,0.25454400329193333,0.3702059517856379,-0.11566194849370459,0.6875740437563876
15,6535,NORMAL,4,0.20019685583452562,0.3917691318236633,-0.19157227598913767,0.5110072222959999
15,6535,NORMAL,5,0.40078020403076486,0.3898012082363079,0.010978995794456992,1.0281656279212998
15,6535,NORMAL,6,0.3486404341468609,0.38215229983780485,-0.03351186569094394,0.9123075650593566
15,6535,NORMAL,7,0.3808692036424875,0.38447961834754363,-0.003610414705056131,0.9906096070304757
